approval_year,head,financing_type,project_name,financing,status
2026,Togo Transport,Sovereign,Togo: Transport Connectivity and Logistics Improvement Project,USD75 million,Approved
2025,Uzbekistan Transport,Sovereign,Uzbekistan: Karakalpakstan and Khorezm Local Roads Network Reconstruction Project,USD173.47 million,Approved
2022,India Transport,Sovereign,India: Assam Secondary Road Network Improvement Project,USD320 million,Approved
2020,Uzbekistan Water,Sovereign,Uzbekistan: Bukhara Region Water Supply and Sewerage (BRWSSP),USD385.1 million,Approved
2026,Brazil Digital Infrastructure and Technology,Nonsovereign,Brazil: Patria Infrastructure Fund V - Co-Investment: OMNIA Data Center,USD10 million,Approved
2026,Cambodia ERF-Policy based Financing,Sovereign,"Cambodia : Rapid Intervention for Stabilization of the Economy (RISE) Program under the Energy, Food Security, and Economic Resilience Facility",USD250 million,Approved
2025,Türkiye Multi-sector,Nonsovereign,Türkiye: DenizBank Green Bond Project,USD100 million,Approved
2024,India Transport,Sovereign,India: Kochi Metro Rail Project - Phase II,USD122.32 million,Approved
2024,Tajikistan Transport,Sovereign,Tajikistan: Obigarm- Nurobod Road Project – Long Bridge and Approaches,USD75.5 million,Approved
2026,Türkiye Multi-sector,Nonsovereign,"Türkiye: Aklease Multisector Leasing Project, Phase 2",USD50 million,Approved
2026,Türkiye Multi-sector,Nonsovereign,Türkiye: Yapi Kredi Leasing Multisector Loan,USD50 million,Approved
2026,Kazakhstan Transport,Sovereign,Kazakhstan: Reconstruction of A- 27 Highway Atyrau- Dossor Section Project,USD238 million,Approved
2026,Multicountry Multi-sector,Nonsovereign,"Multi-Country: Green, Social, and Sustainability Bond Investment Platform",USD500 million,Approved
2026,China Multi-sector,Nonsovereign,China: Nature Finance Accelerator Program – Bank of Huzhou,USD100 million,Approved
2019,Bangladesh Water,Sovereign,Bangladesh: Municipal Water Supply and Sanitation Project,USD100 million,Approved
2026,Kyrgyzstan ERF-Policy based Financing,Sovereign,"Kyrgyzstan : Second Sustainable and Inclusive Growth Development Policy Operation under the Energy, Food Security, and Economic Resilience Facility",USD50 million,Approved
2024,India Transport,Sovereign,India: Mumbai Metro Line 5,USD200 million,Approved
2024,Thailand Energy,Nonsovereign,Thailand: GULF Renewable Power Project,USD200 million,Approved
2025,Cambodia Water,Sovereign,Cambodia: Climate Adaptive Irrigation and Sustainable Agriculture for Resilience Project (CAISAR),USD100 million,Approved
2026,Azerbaijan Transport,Sovereign,Azerbaijan: Baku Metro Expansion Project – Phase I,USD180 million,Approved
2022,Multicountry Multi-sector,Nonsovereign,Multicountry: AIIB Venture Capital (“VC”) Investment Program for Green and Technology- Enabled Infrastructure (the “VC Program”),USD130 million,Approved
2024,Türkiye Energy,Nonsovereign,Türkiye: İçtaş Enerji YEKA Erzin-II Hatay 100MW Solar PV Project,USD32.5 million,Approved
2026,Türkiye Transport,Sovereign,Türkiye: Istanbul North Rail Crossing Project,"USD1,500 million",Approved
2025,Türkiye Energy,Nonsovereign,"Türkiye: Enerjisa Enerji Sustainability Linked Corporate Loan for Network Modernization,",USD100 million,Approved
2021,China Transport,Sovereign,China: Liaoning Green Smart Public Transport Demonstration Project,USD150 million,Approved
2025,India Energy,Nonsovereign,India: ReNew Peak Power Project,USD100 million,Approved
2025,Uzbekistan Energy,Nonsovereign,Uzbekistan: Nukus II 200MW Wind and BESS Project,USD75 million,Approved
2023,Pakistan CRF-Economic Resilience/PBF,Sovereign,Pakistan: Second Resilient Institutions for Sustainable Economy (RISE-II) Development Policy Financing,USD250 million,Approved
2020,Pakistan CRF-Economic Resilience/PBF,Sovereign,Pakistan: Resilient Institutions for Sustainable Economy (RISE) Program,USD250 million,Approved
2026,Multicountry Multi-sector,Nonsovereign,Multi-Country: Ninety One Emerging Market Infrastructure Debt Fund Investment (Bond and Equity),USD80 million,Approved
2024,Bangladesh Energy,Sovereign,Bangladesh: Southern Chattogram and Kaliakoir Transmission Infrastructure Development Project,USD160 million,Approved
2020,Bangladesh Transport,Sovereign,Bangladesh: Sylhet to Tamabil Road Upgrade Project,USD404 million,Approved
2022,Cambodia CRF-Public Health,Sovereign,Cambodia: Cambodia Rapid Immunization Support and Resilient Health Infrastructure Project,USD50 million,Approved
2024,Cambodia Water,Sovereign,Cambodia: Integrated Water Resources Management Project,USD80 million,Approved
2021,China Water,Sovereign,China: Henan Flood Emergency Rehabilitation and Recovery Project,"USD1,000 million",Approved
2018,India Water,Sovereign,India: Andhra Pradesh Urban Water Supply and Approved Financing: Approved Septage Management Improvement USD400 million 2022 India Energy Sovereign India: West Bengal Electricity Distribution Grid Modernization Project,USD135 million,Approved
2020,Maldives CRF-Public Health,Sovereign,Maldives: COVID-19 Emergency Response and Health Systems Preparedness Project,USD7.30 million,Approved
2021,Pakistan Urban,Sovereign,Pakistan: Khyber Pakhtunkhwa Cities Improvement Project,USD200 million,Approved
2021,Rwanda CRF- Finance/Liquidity,Sovereign,Rwanda: Private- Sector Access to Finance for Post- COVID Recovery and Resilience,USD100 million,Approved
2024,Rwanda Energy,Sovereign,Rwanda: Accelerating Sustainable and Clean Energy Transformation (ASCENT) Rwanda,USD100 million,Approved
2024,Türkiye Transport,Sovereign,Türkiye: Türkiye Emergency Road Rehabilitation and Reconstruction Project,USD200 million,Approved
2021,Uzbekistan Urban,Sovereign,Uzbekistan: Medium- size Cities Integrated Urban Development Project,USD100 million,Approved
2023,Türkiye Urban,Sovereign,Türkiye: Istanbul Seismic Mitigation and Emergency Preparedness Additional Financing Project,EUR150 million,Approved
2026,Multicountry Energy,Nonsovereign,Multi-Country: OTP Green Energy Capacity Expansion Bond Investment II,USD125 million,Approved
2025,Türkiye Transport,Nonsovereign,Türkiye: Antalya Alanya Motorway,USD140 million,Approved
2026,Fiji Other,Sovereign,"Fiji: Growth and Resilience Second Development Policy Financing (Under the Energy, Food Security and Economic Resilience Facility)",USD80 million,Approved
2026,India Multi-sector,Sovereign,"India: Program for Growth, Resilience, Energy Security and Sustainability",USD1000 million,Approved
2019,India Water,Sovereign,India: West Bengal Major Irrigation and Flood Management,USD145 million,Approved
2024,China Transport,Sovereign,China: Hubei Global Air Cargo Logistics Project (Previously: Hubei Global Air Cargo Logistics Hub Project),USD400 million,Approved
2024,India Transport,Sovereign,"India: Manipur Urban Road, Drainage and Asset Management Improvement Project",USD352.40 million,Approved
2020,Cambodia CRF-Economic Resilience/PBF,Sovereign,Cambodia: National Restoration of Rural Productive Capacity Project,USD60 million,Approved
2024,Türkiye Urban,Sovereign,Türkiye: Istanbul Seismic Risk Mitigation and Emergency Preparedness - 2,USD335 million,Approved
2024,Georgia Transport,Sovereign,Georgia: Tbilisi Metro Modernization Project,EUR125 million,Approved
2023,China Transport,Sovereign,China: Yunnan Kunming Changshui Airport Expansion and Green Development Project,USD500 million,Approved
2024,Multicountry Multi-sector,Nonsovereign,Multicountry: Actis Asia Climate Transition Fund,USD100 million,Approved
2023,India Transport,Sovereign,India: Mumbai Urban Transport Project 3A – Station Improvement,USD85 million,Approved
2023,Multicountry Health Infrastructure,Nonsovereign,Multicountry: Quadria Capital Fund III,USD50 million,Approved
2024,Multicountry Multi-sector,Nonsovereign,Multicountry: Project Chamonix,USD61 million,Approved
2026,Brazil Energy,Nonsovereign,Brazil: FS Biofuel Green Financing,USD70 million,Approved
2026,South Africa Urban,Sovereign,South Africa: South Africa Metro Trading Approved Financing: Approved Services Program USD500 million 2026 China Multi-sector Nonsovereign China: Nature Finance Accelerator Program – Bank of Jiangsu,USD300 million,Approved
2025,Brazil Multi-sector,Sovereign,"Brazil: Recovery and Trade-Facilitation Project in Guaíba, Rio Grande do Sul",USD70 million,Approved
2025,Brazil Multi-sector,Sovereign,Brazil: Southern Brazil Sustainable Infrastructure and Trade Recovery Project,USD300 million,Approved
2020,Uzbekistan CRF-Public Health,Sovereign,Uzbekistan: Healthcare Emergency Response Project,USD100 million,Approved
2023,Uzbekistan Economic Resilience / PBF,Sovereign,Uzbekistan: First Inclusive and Resilient Market Economy Development Policy Operation,USD670 million,Approved
2022,Uzbekistan Transport,Sovereign,Uzbekistan: Bukhara-Miskin- Urgench-Khiva Railway Electrification Project,USD108 million,Approved
2023,Türkiye Multi-sector,Sovereign,Türkiye: Turk Eximbank Green Infrastructure Support Project (Component A of the previously Türkiye: Turk Eximbank Green Infrastructure Support and Earthquake Response Project),USD200 million,Approved
2023,Türkiye Multi-sector,Sovereign,Türkiye: Turk Eximbank Earthquake Response Project (Component B of the previously Türkiye: Turk Eximbank Green Infrastructure Support and Earthquake Response Project),USD100 million,Approved
2022,Türkiye Multi-sector,Sovereign,"Türkiye: TSKB Sustainable Energy and Infrastructure On-lending Facility, Phase 2",USD200 million,Approved
2021,Türkiye Transport,Sovereign,Türkiye: Ispartakule- Cerkezkoy Rail Project (Previously: Halkali-Cerkezkoy Rail Project),EUR300 million,Approved
2017,Tajikistan Energy,Sovereign,"Tajikistan: Nurek Hydropower Rehabilitation, Phase I",USD60 million,Approved
2017,Philippines Water,Sovereign,Philippines: Metro Manila Flood Management,USD207.6 million,Approved
2025,Pakistan Water,Sovereign,Pakistan: Karachi Water and Sewerage Services Improvement Project-2 (KWSSIP- 2),USD240 million,Approved
2019,Pakistan Water,Sovereign,Pakistan: Karachi Water and Sewerage Services Improvement,USD40 million,Approved
2020,Kyrgyzstan CRF- Finance/Liquidity,Sovereign,Kyrgyzstan: Kyrgyz Emergency Support for Private and Financial Sector Project,USD50 million,Approved
2023,Kazakhstan CRF-Economic Resilience/PBF,Sovereign,Kazakhstan: Fiscal Governance and Financial Sector Reforms Program,USD350 million,Approved
2023,India Transport,Sovereign,India: Chennai Peripheral Ring Road (Sections 2 and 3),USD378 million,Approved
2021,India Urban,Sovereign,India: Chennai City Partnership: Sustainable Urban Services Program,USD150 million,Approved
2022,India Energy,Sovereign,India: Assam Electricity Distribution System Enhancement Project,USD386 million,Approved
2018,India Transport,Sovereign,India: Andhra Pradesh Rural Roads,USD455 million,Approved
2017,Georgia Transport,Sovereign,Georgia: Batumi Bypass Road,USD114 million,Approved
2018,Egypt Water,Sovereign,"Egypt: Sustainable Rural Sanitation Services Program, Phase-2",USD300 million,Approved
2021,China Transport,Sovereign,China: Guangxi Chongzuo Border Connectivity Improvement Project,USD300 million,Approved
2019,Uzbekistan Rural Infrastructure,Sovereign,Uzbekistan: Rural Infrastructure Approved Financing: Approved and Agriculture Development Development Project (Previously: Prosperous Villages Project) USD82 million 2024 Türkiye Transport Sovereign Türkiye: Eastern Türkiye Middle Corridor Railway Development Project,USD250 million,Approved
2024,Philippines Transport,Sovereign,Philippines: Laguna Lakeshore Road Network (Phase 1) Project,USD188.18 million,Approved
2024,Philippines Transport,Sovereign,Philippines: Facility for Accelerating Studies for Infrastructure (FAST- Infra),USD44 million,Approved
2019,Nepal Energy,Sovereign,Nepal: Power Distribution System Upgrade and Expansion Project,USD112.3 million,Approved
2021,India Water,Sovereign,India: Resilient Kerala Program for Results,USD125 million,Approved
2021,India Urban,Sovereign,India: Kerala Solid Waste Management Project,USD105 million,Approved
2020,Uzbekistan Transport,Sovereign,Uzbekistan: Bukhara Road Network Improvement Project (Phase 1),USD165.5 million,Approved
2022,India Transport,Sovereign,India: Haryana Orbital Rail Corridor (HORC) Part A Project,USD128 million,Approved
2021,India Education Infrastructure,Sovereign,India: Gujarat Education Infrastructure and Technology Modernization Program,USD250 million,Approved
2021,India Energy,Sovereign,India: Assam Intra- State Transmission System Enhancement Project,USD304 million,Approved
2022,Egypt Transport,Sovereign,Egypt: Alexandria – Abou Qir Metro Line,EUR250 million,Approved
2023,Cambodia Health Infrastructure,Sovereign,Cambodia: Cross- border Livestock Health and Value- chain Infrastructure Improvement Project,USD33 million,Approved
2020,Bangladesh Water,Sovereign,"Bangladesh: Rural Water, Sanitation Approved Financing: Approved and Hygiene for Human Capital Development Project USD200 million 2025 Pakistan Transport Sovereign Pakistan: Reconstruction of National Highway N- 5 under Pakistan’s Resilient Recovery, Rehabilitation and Reconstruction Framework Project",USD500 million,Approved
2024,Thailand Transport,Sovereign,Thailand: U-Tapao International Airport Expansion Project (The Construction of the U-Tapao International Airport Second Runway and Taxiway),USD423.05 million,Approved
2025,Kazakhstan Transport,Nonsovereign,Kazakhstan: Almaty Railway Bypass Project,USD150 million,Approved
2026,Bangladesh Other,Sovereign,Bangladesh: Strengthening Economic Management and Governance Program (Subprogram 2),USD250 million,Approved
2019,Sri Lanka Urban,Sovereign,Sri Lanka: Support to Colombo Urban Regeneration Project,USD200 million,Approved
2024,Viet Nam Multi-sector,Nonsovereign,Viet Nam: Supporting green and blue infrastructure development and capital market in Viet Nam,USD75 million,Approved
2022,China Multi-sector,Nonsovereign,China: China EXIM Bank Green On- lending Facility,USD200 million,Approved
2023,Multicountry Multi-sector,Nonsovereign,Multicountry: Seraya SEA Energy Transition and DI Fund,USD90 million,Approved
2025,Cambodia Transport,Sovereign,Cambodia: National Restoration of Rural Productive Capacity Project - II (NRRPCP-II),USD80 million,Approved
2019,Multicountry Multi-sector,Nonsovereign,Multicountry: Asia Climate Bond Portfolio,USD500 million,Approved
2026,China Urban,Nonsovereign,China: Project Azure Approved Financing: Approved USD50 million 2024 India Multi-sector Nonsovereign India: NIIF PMF II,USD125 million,Approved
2023,Türkiye Energy,Nonsovereign,Türkiye: Akbank Sustainable Energy Facility,USD75 million,Approved
2026,Türkiye Energy,Nonsovereign,Türkiye: GRT Climate Facility,USD75 million,Approved
2026,China Digital Infrastructure and Technology,Nonsovereign,China: Project Forest,USD35 million,Approved
2026,Malaysia Digital Infrastructure and Technology,Nonsovereign,Malaysia: Project Mercury - Malaysia Green Data Center Financing,USD125 million,Approved
2022,Uzbekistan Water,Sovereign,Uzbekistan: Bukhara Region Water Supply and Sewerage Phase II (BRWSSP II),USD248.4 million,Approved
2018,Türkiye Energy,Sovereign,Türkiye: Tuz Golu Türkiye Gas Storage Expansion Project,USD600 million,Approved
2019,Sri Lanka Other,Sovereign,Sri Lanka: Reduction of Landslide Vulnerability by Mitigation Measures (RLVMM) Project,USD80 million,Approved
2021,Jordan CRF-Economic Resilience/PBF,Sovereign,Jordan: Inclusive Transparent and Climate Responsive Investments Program for Results (the Program or PforR),USD250 million,Approved
2023,Jordan CRF-Economic Resilience/PBF,Sovereign,"Jordan: Additional Financing for Inclusive, Transparent and Climate Responsive Investments Program",USD200 million,Approved
2021,Indonesia Energy,Sovereign,Indonesia: PLN East Java & Bali Power Distribution Strengthening Project,USD310 million,Approved
2021,India Transport,Sovereign,India: Chennai Metro Rail Phase 2 Project - Corridor 4,USD356.67 million,Approved
2023,India Transport,Sovereign,India: Chennai Metro Rail Phase 2 Project – Balance Corridor 5,USD438.75 million,Approved
2022,China Transport,Sovereign,China: Zhengzhou International Logistics Hub (Previously: Zhengzhou International Hub Expansion),USD150 million,Approved
2020,Bangladesh Water,Sovereign,Bangladesh: Dhaka Sanitation Improvement,USD170 million,Approved
2026,Kazakhstan Energy,Sovereign,Kazakhstan: Inclusive and Sustainable Economic Growth Development Policy Operation,USD400 million,Approved
2019,India Transport,Sovereign,India: Mumbai Urban Transport Project - Phase III (MUTP),USD500 million,Approved
2020,India Transport,Sovereign,India: Delhi-Meerut Regional Rapid Transit System,USD500 million,Approved
2021,Bangladesh Transport,Sovereign,Bangladesh: Construction of Kewatkhali Bridge at Mymensingh Project (Previously: Mymensingh Kewatkhali Bridge Project),USD255 million,Approved
2024,Hungary Energy,Nonsovereign,Hungary: OTP Green Energy Capacity Expansion Bond Investment,USD200 million,Approved
2024,Tajikistan Energy,Sovereign,Tajikistan: Rogun Hydropower Development Project – Phase 1,USD270 million,Approved
2023,Kazakhstan Energy,Nonsovereign,Kazakhstan: Shokpar 100MW Wind Power Project,USD40 million,Approved
2026,Kazakhstan Transport,Sovereign,Kazakhstan: Transforming Rail Connectivity in Kazakhstan (Middle Corridor Development) – Phase I,USD564 million,Approved
2024,Uzbekistan Multi-sector,Nonsovereign,Uzbekistan: Asakabank Energy Efficiency and Renewables Facility,USD30 million,Approved
2023,Uzbekistan Multi-sector,Nonsovereign,"Uzbekistan: UzPSB Energy and Water Efficiency, and Renewables Bond Investment",USD25 million,Approved
2026,Philippines Transport,Nonsovereign,Philippines: Project Crane,USD300 million,Approved
2026,Multicountry Multi-sector,Nonsovereign,Multicountry: ISQ Growth Markets Infrastructure Fund II,USD100.5 million,Approved
2026,Jordan Water,Nonsovereign,Jordan: Aqaba- Amman Water Desalination and Conveyance Project (AAWDCP),USD250 million,Approved
2026,Türkiye Water,Sovereign,Türkiye: Water Efficiency and Climate Resilience for Results (Results- Based Financing),USD500 million,Approved
2026,Brazil Energy,Nonsovereign,Brazil: Project HEFACo,USD100 million,Approved
2025,Türkiye Multi-sector,Sovereign,"Türkiye: TSKB Sustainable Energy and Infrastructure Facility, Phase 3",USD200 million,Approved
2019,Pakistan Transport,Sovereign,Pakistan: Karachi Bus Rapid Transit Red Line Project,USD71.81 million,Approved
2019,Bangladesh Energy,Sovereign,Bangladesh: Power System Upgrade and Expansion,USD120 million,Approved
2020,Bangladesh Energy,Sovereign,Bangladesh: Dhaka and West Zone Transmission Grid Expansion Project,USD200 million,Approved
2026,Mongolia Multi-sector,Nonsovereign,Mongolia: Mongolia Khan Bank Green Loan,USD130 million,Approved
2022,Fiji CRF-Economic Resilience/PBF,Sovereign,Fiji: Sustainable and Resilient Recovery Program for Fiji,USD50 million,Approved
2020,Indonesia CRF-Public Health,Sovereign,Indonesia: Emergency Response to COVID- 19 Program,USD250 million,Approved
2021,Indonesia CRF-Public Health,Sovereign,Indonesia: Emergency Response to COVID- Approved Financing: Approved 19 Program - Additional Financing USD500 million 2025 Uzbekistan Energy Nonsovereign Uzbekistan: Bash 2 - 300MW Wind Power Plant,USD115 million,Approved
2022,Multicountry Other,Nonsovereign,Multicountry: CC Pan Eurasian Fund Co- Investment: Project Spark,USD5 million,Approved
2019,Multicountry Multi-sector,Nonsovereign,Multicountry: CC Pan Eurasia Fund,USD125.0 million,Approved
2022,Multicountry Other,Nonsovereign,Multicountry: CC Pan Eurasian FundCo- Investment: Superfreeze Cold Storage Logistics,USD15 million,Approved
2019,Türkiye Urban,Sovereign,Türkiye: Istanbul Seismic Risk Mitigation and Emergency Preparedness Project,USD300 million,Approved
2021,Rwanda CRF-Economic Resilience/PBF,Sovereign,"Rwanda: Rwanda Digital Acceleration Project (Digital Investment for Recovery, Resilience and Connectivity)",USD100 million,Approved
2024,Philippines Transport,Sovereign,Philippines: Bataan- Cavite Interlink Bridge Project and Tranche 1,USD350 million,Approved
2021,Pakistan Energy,Sovereign,Pakistan: Balakot Hydropower Development Project,USD250 million,Approved
2024,Maldives Other,Sovereign,Maldives: Strengthening Fiscal Management and Sustainability Program,USD15 million,Approved
2021,Maldives Energy,Sovereign,Maldives: Solar Power Development and Energy Storage Solution,USD20 million,Approved
2020,Maldives Urban,Sovereign,Maldives: Greater Malé Waste-to- Energy Project,USD40 million,Approved
2024,Lao PDR Transport,Sovereign,Lao PDR: National Road 13 South Extension Improvement and Maintenance Project,USD40 million,Approved
2020,Lao PDR Transport,Sovereign,Lao PDR: Climate Resilience Approved Financing: Approved Improvement of National Road 13 South Project (Section 3) USD30 million 2023 Indonesia Health Infrastructure Sovereign Indonesia: Modernization of the Health System,USD999 million,Approved
2021,India Urban,Sovereign,India: Punjab Municipal Services Improvement Project,USD105 million,Approved
2017,India Transport,Sovereign,India: Bangalore Metro Rail Project - Line R6,USD335 million,Approved
2023,Côte d'Ivoire Transport,Sovereign,Côte d’Ivoire: Inclusive Connectivity and Rural Infrastructure Project,USD200 million,Approved
2022,Bangladesh Multi-sector,Sovereign,Bangladesh: IDCOL Multi-Sector On- Lending Facility,USD200 million,Approved
2016,Pakistan Energy,Sovereign,Pakistan: Tarbela 5 Hydropower Extension,USD300 million,Approved
2021,Philippines CRF-Public Health,Sovereign,Philippines: Second Health System Enhancement to Address and Limit COVID-19 under Asia Pacific Vaccine Access Facility Project (HEAL 2),USD300 million,Approved
2020,India Urban,Nonsovereign,India: HDFC Line of Credit for Affordable Housing,USD200 million,Approved
2018,Indonesia Water,Sovereign,Indonesia: Strategic Irrigation Modernization and Urgent Rehabilitation Project,USD250 million,Approved
2025,India Multi-sector,Nonsovereign,India: ABFL Sustainable Infrastructure Financing,USD150 million,Approved
2024,Viet Nam Multi-sector,Nonsovereign,Viet Nam: Supporting infrastructure development and climate financing in Viet Nam with second facility with VPBank,USD150 million,Approved
2024,China Multi-sector,Nonsovereign,China: JC Leasing Green and Blue Approved Financing: Approved Loan USD100 million 2026 Multicountry Multi-sector Nonsovereign Multicountry: TPG Rise Climate Global South Initiative Fund,USD100 million,Approved
2026,India Multi-sector,Nonsovereign,India: Shriram Sustainable On- Lending Facility II,USD250 million,Approved
2023,Egypt Multi-sector,Sovereign,Egypt: Egypt Sustainable Transport and Digital Infrastructure Guarantee,USD200 million,Approved
2026,Thailand Urban,Nonsovereign,Thailand : Gulf Industrial Waste to Energy Project,USD63 million,Approved
2019,Lao PDR Transport,Sovereign,Lao People’s Democratic Republic: National Road 13 Improvement and Maintenance Project,USD40 million,Approved
2022,Viet Nam Education Infrastructure,Nonsovereign,Viet Nam: Keppel- Pierfront Private Credit Fund L.P. Co- Investment: Project Voluminous,USD20 million,Approved
2025,India Energy,Sovereign,India: Assam Intra State Transmission System Enhancement Phase II,USD140.61 million,Approved
2025,Pakistan Water,Sovereign,Pakistan: Lahore Wastewater and Drainage Management Project,USD160 million,Approved
2025,Morocco Multi-sector,Sovereign,Morocco: Morocco Climate Operation - Support to the Nationally Determined Contribution Program,USD200 million,Approved
2025,Türkiye Multi-sector,Sovereign,Türkiye: VakifBank Climate Transition and Reconstruction Facility,USD300 million,Approved
2019,China Energy,Sovereign,China: Beijing- Tianjin-Hebei Low Carbon Energy Transition and Air Quality Improvement Project,USD500 million,Approved
2025,China Transport,Nonsovereign,China: Ping An Leasing E-Mobility Financing Project – Loan,USD125 million,Approved
2021,Uzbekistan Energy,Nonsovereign,"Uzbekistan: Sirdarya 1,500MW CCGT Power Project",USD100 million,Approved
2017,Egypt Energy,Nonsovereign,Egypt: Egypt Round II Solar PV Feed-in Tariffs Program,USD210 million,Approved
2025,Indonesia Energy,Nonsovereign,Indonesia: Proyek Hijaunesia Staple Financing – Pasuruan 100 MW Solar PV Project,USD21 million,Approved
2019,Türkiye Energy,Nonsovereign,Türkiye: Efeler 97.6MWE Geothermal Power Plant Expansion Project,USD100 million,Approved
2025,Brazil Multi-sector,Sovereign,Brazil: Brazil Value- Enhancing Reforms for Development and Ecological Sustainability (VERDES) Climate Policy-Based Financing,USD1000 million,Approved
2020,Oman Energy,Nonsovereign,Oman: Ibri II 500MW Solar PV Independent Power Plant Project,USD60 million,Approved
2025,Bangladesh Other,Sovereign,Bangladesh: Climate Resilient Inclusive Development Program (Subprogram 2),USD400 million,Approved
2025,Türkiye Transport,Sovereign,Türkiye: TCDD Railway Maintenance Modernization Project,USD365 million,Approved
2025,Kyrgyzstan Multi-sector,Sovereign,"Kyrgyzstan: Developing a Sustainable Finance Market for Micro-, Small-, or Medium Enterprises (MSMEs) Project",USD50 million,Approved
2024,Uzbekistan Other,Sovereign,"Uzbekistan: Accelerating the Uzbekistan Climate Transition for Green, Inclusive, and Resilient Economic Growth (Subprogram 1)",USD250 million,Approved
2023,Egypt Transport,Nonsovereign,Egypt: Damietta Port - Container Terminal II,USD100 million,Approved
2024,Multicountry Energy,Nonsovereign,Multicountry: ENGIE Sustainability Linked Green Loan,EUR75 million,Approved
2019,Kazakhstan Energy,Nonsovereign,Kazakhstan: Zhanatas 100 MW Wind Power Plant,USD46.7 million,Approved
2022,Brazil Multi-sector,Nonsovereign,Brazil: BDMG Renewables and Asia Connectivity Facility,USD100 million,Approved
2022,China Multi-sector,Nonsovereign,China: Haier Social Infrastructure Leasing,USD100 million,Approved
2021,Türkiye Urban,Nonsovereign,Türkiye: Istanbul Waste to Energy Generation Project (Previously: Construction and Operation of a Waste Incineration and Energy Generation Plant),EUR 100 million,Approved
2021,Türkiye CRF- Finance/Liquidity,Nonsovereign,Türkiye: Türkiye Isbank COVID-19 Credit Line Project,USD100 million,Approved
2021,Georgia CRF- Finance/Liquidity,Nonsovereign,Georgia: TBC Bank COVID-19 Credit Line Project,USD100 million,Approved
2025,Kazakhstan Transport,Sovereign,Kazakhstan: Reconstruction of M- 32 Highway Aktobe- Karabutak-Ulgaisyn Section Project Approved Financing: USD450 Million Approved 2025 Uzbekistan Multi-sector Sovereign Uzbekistan: Uzbekistan Green and Resilient Market Economy Program,USD500 million,Approved
2025,Uzbekistan Energy,Nonsovereign,Uzbekistan: CEEC Uzbekistan BESS Green Loan,USD150 million,Approved
2023,Georgia Energy,Nonsovereign,Georgia: Georgia Capital Sustainability Linked Financing Facility,USD30 million,Approved
2024,Türkiye Transport,Nonsovereign,Türkiye: North Marmara Highway - Nakkaş-Başakşehir BOT Project,EUR150 million,Approved
2023,India Transport,Nonsovereign,India: Sustainable Transport Financing,USD100 million,Approved
2025,Türkiye Transport,Nonsovereign,Türkiye: Antalya Airport Expansion Project (Long Term Facility),EUR202.5 million,Approved
2025,Indonesia Health Infrastructure,Sovereign,RSAB Harapan Kita Construction and Integration of Three Diamond Hospitals Project,USD226.4 million,Approved
2025,India Transport,Nonsovereign,India: Electric Mobility Financing Project Approved Financing: USD49 Million Approved 2024 Kazakhstan Health Infrastructure Nonsovereign Kazakhstan: Kokshetau PPP Hospital Project,USD113.90 million,Approved
2022,Lao PDR Energy,Nonsovereign,Lao PDR: Monsoon 600 MW Cross- border Wind Power Project,USD150 million,Approved
2025,Georgia Health Infrastructure,Nonsovereign,Georgia: Georgia Healthcare Group Social Financing,USD30 million,Approved
2021,India Energy,Nonsovereign,India: Enel Green 300 MW Solar Project - Rajasthan,USD50 million,Approved
2021,China CRF-Public Health,Nonsovereign,China: FOSUN COVID-19 Response Project,USD100 million,Approved
2020,Indonesia Digital Infrastructure and Technology,Nonsovereign,Indonesia: Multifunctional Satellite PPP Project,USD150 million,Approved
2022,Türkiye Energy,Nonsovereign,Türkiye: Aklease Multisector Facility,USD50 million,Approved
2025,Multicountry Multi-sector,Nonsovereign,Multicountry: Keppel Private Credit Fund III,USD125.5 million,Approved
2025,Rwanda Energy,Sovereign,Rwanda: Rwanda Energy Results- Based Financing Program,USD100 million,Approved
2020,Türkiye CRF- Finance/Liquidity,Nonsovereign,Türkiye: Akbank COVID-19 Crisis Recovery Facility,USD100 million,Approved
2023,China Energy,Nonsovereign,China: Chongho Bridge Green Facility,USD50 million,Approved
2024,India Energy,Nonsovereign,India: SAEL Solar Power,USD67 million,Approved
2024,Multicountry Energy,Nonsovereign,Multicountry: Green Energy Capacity Expansion,EUR100 million,Approved
2025,India Urban,Nonsovereign,India: Green Affordable Housing Finance with IIFL Home Finance,USD100 million,Approved
2025,Indonesia Urban,Sovereign,Indonesia: Solid Waste Management for Sustainable Urban Development Project,USD150 million,Approved
2023,Romania Energy,Nonsovereign,Romania: Banca Transilvania Green Mortgages Bond Investment,EUR100 million,Approved
2023,Uzbekistan Energy,Nonsovereign,"Uzbekistan: Surkhandarya 1,560MW CCGT Power Plant",EUR225 million,Approved
2019,Nepal Energy,Nonsovereign,Nepal: Upper Trishuli-1 Hydropower Project,USD90 million,Approved
2022,Cambodia CRF- Finance/Liquidity,Nonsovereign,Cambodia: Emergency and Crisis Response Facility,USD100 million,Approved
2022,Ecuador CRF- Finance/Liquidity,Sovereign,Ecuador: CONAFIPS COVID-19 Credit Line Project (Previously: Corporación Financiera Nacional COVID-19 Credit Line Project),USD50 million,Approved
2025,Sri Lanka Energy,Sovereign,Sri Lanka: Sampur - Kappalthurai Transmission Infrastructure Development Project,USD22 million,Approved
2025,Sri Lanka Energy,Sovereign,Sri Lanka: Kerawalapitiya - Port L Second Transmission Line Project,USD52 million,Approved
2025,Türkiye Energy,Nonsovereign,Türkiye: Türkiye Rönesans Project Manzara Sustainable Bond Investment,USD40million,Approved
2025,India Energy,Sovereign,India: Maharashtra Climate Resilient Distributed Renewable Energy Access Program,"USD1,100 million",Approved
2024,Multicountry Multi-sector,Nonsovereign,Multicountry: Patria Infrastructure Fund V,USD100 million,Approved
2025,Türkiye Multi-sector,Sovereign,Türkiye: TKYB Climate and Digital Transition On- Lending Facility,USD200 million,Approved
2025,Benin Transport,Sovereign,Benin: Grand Nokoué Sustainable Urban Mobility Project,USD200 million,Approved
2023,Brazil Energy,Nonsovereign,Brazil: BTG Green On-Lending,USD160 million,Approved
2025,Georgia Multi-sector,Nonsovereign,Georgia: TBC Bank Social Infrastructure On-Lending Facility,USD100 million,Approved
2022,Pakistan CRF-Economic Resilience/PBF,Sovereign,Pakistan: Building Resilience with Countercyclical Expenditures (BRACE) Program,USD500 million,Approved
2023,Uzbekistan Energy,Nonsovereign,"Uzbekistan: Masdar 897MW Solar PV Portfolio (Samarkand, Jizzakh and Sherabad solar PV plants)",USD145 million,Approved
2023,Bangladesh CRF-Economic Resilience/PBF,Sovereign,Bangladesh: Bangladesh Sustainable Economic Recovery Program (Subprogram 2),USD400 million,Approved
2025,Uzbekistan Digital Infrastructure and Technology,Nonsovereign,Uzbekistan: Uzbekistan Telecom Approved Financing: USD100 Million Approved 2025 Bangladesh Urban Nonsovereign Bangladesh: North Dhaka Waste to Energy Project,USD100 million,Approved
2020,Türkiye CRF-Public Health,Sovereign,Türkiye: COVID-19 Medical Emergency Response (MER) Project,USD82.6 million,Approved
2025,Brazil Energy,Nonsovereign,Brazil: Sicredi Green Loan,USD100 million,Approved
2023,Philippines CRF-Economic Resilience/PBF,Sovereign,Philippines: First Digital Transformation Development Policy Financing,USD400 million,Approved
2018,Indonesia Urban,Sovereign,Indonesia: Mandalika Urban and Tourism Infrastructure,USD248.4 million,Approved
2021,Mongolia CRF-Public Health,Sovereign,Mongolia: Support for COVID-19 Vaccine Delivery in Mongolia under the Asia Pacific Vaccine Access Facility,USD21 million,Approved
2020,Bangladesh CRF-Public Health,Sovereign,Bangladesh: COVID- 19 Emergency Response and Pandemic Preparedness Project,USD100 million,Approved
2023,Indonesia CRF-Economic Resilience/PBF,Sovereign,Indonesia: Boosting Productivity through Human Capital Development Program- Subprogram 2,USD500 million,Approved
2023,Philippines CRF-Economic Resilience/PBF,Sovereign,Philippines: Build Universal Health Care Program (Subprogram 2),USD450 million,Approved
2023,Philippines CRF-Economic Resilience/PBF,Sovereign,Philippines: Domestic Resource Mobilization Program (Subprogram 1),USD400 million,Approved
2025,Kyrgyzstan Water,Sovereign,Kyrgyzstan: Water Supply and Sanitation Universal Access Project,USD50 million,Approved
2021,Sri Lanka CRF- Finance/Liquidity,Sovereign,Sri Lanka: COVID-19 Emergency and Crisis Response Facility,USD180 million,Approved
2025,Multicountry Multi-sector,Nonsovereign,Multicountry: Supporting Trade Facilitation in Emerging Markets Approved Financing: Approved 2019 Türkiye Energy Sovereign Türkiye: TKYB Renewable Energy and Energy Efficiency On- Lending Facility,USD300 million,Approved
2025,Bangladesh Multi-sector,Nonsovereign,Bangladesh: Infrastructure Development Financing Facility,USD50 million,Approved
2025,Multicountry Water,Nonsovereign,Multicountry: Patria Infrastructure Fund V Approved Financing: Approved - Co-Investment: Project Aqua USD10 million 2025 Saudi Arabia Water Nonsovereign Saudi Arabia: SWA Desalination Rebuild and Upgrades,USD300 million,Approved
2025,Kazakhstan Energy,Nonsovereign,Kazakhstan: CPIH Kazakhstan 220MW Wind Portfolio,USD88 million,Approved
2025,Bangladesh Multi-sector,Nonsovereign,Bangladesh: Sustainable Private Capital Infrastructure Financing,USD50 million,Approved
2025,Uzbekistan Energy,Nonsovereign,Uzbekistan: ACWA Power Renewable Energy Loan (Previously: ACWA Power Sustainable Energy Development Capital Facility),USD150 million,Approved
2024,Egypt Other,Sovereign,"Egypt: Generating Resilience, Opportunities, and Welfare for a Thriving Egypt",USD300 million,Approved
2022,Mongolia CRF-Economic Resilience/PBF,Sovereign,Mongolia: Weathering Exogenous Shocks Program,USD100 million,Approved
2024,India Transport,Nonsovereign,India: MEAL E- Mobility (an investment through BII India EV LLP),USD53 million,Approved
2020,Cook Islands CRF-Economic Resilience/PBF,Sovereign,Cook Islands: COVID-19 Active Response and Economic Support Program,USD20 million,Approved
2017,India Multi-sector,Nonsovereign,India: North Haven India Infrastructure Fund (Previously: India Infrastructure Fund),USD150 million,Approved
2023,India Multi-sector,Nonsovereign,India: LOK Capital Fund 4,USD30 million,Approved
2022,Côte d'Ivoire CRF-Public Health,Sovereign,Côte d’Ivoire: Strengthening of Vaccination and Health Systems under the COVID-19 Strategic Preparedness and Response Project,USD100 million,Approved
2024,Bangladesh Other,Sovereign,Bangladesh: Climate Resilient Inclusive Development Program (Subprogram 1),USD400 million,Approved
2024,Kazakhstan Transport,Sovereign,Kazakhstan: Transport Resilience and Connectivity Enhancement Project (Jezkazgan- Karagandy section of Trans-Caspian International Transport Route (Middle Corridor)) (Previously: Strategic Road Connectivity and Sector Modernization Project),USD650 million,Approved
2022,Türkiye CRF-Public Health,Sovereign,Türkiye: COVID-19 Vaccine Project under the COVID-19 Crisis Recovery Facility,USD250 million,Approved
2016,Indonesia Urban,Sovereign,Indonesia: National Slum Upgrading Project,USD216.5 million,Approved
2024,Azerbaijan Energy,Nonsovereign,Azerbaijan: Banka and Bilasuvar 760 MW Solar PV Power Project,USD170 million,Approved
2017,Multicountry Multi-sector,Nonsovereign,Multicountry: International Finance Corporation Emerging Asia Fund,USD150 million,Approved
2019,Multicountry Multi-sector,Nonsovereign,Multicountry: Asia Investment Limited Partnership Fund (Previously: Asia Investment Fund),USD75 million,Approved
2019,Multicountry Energy,Nonsovereign,Multicountry: SUSI Asia Energy Transition Fund,USD100.0 million,Approved
2020,Multicountry Multi-sector,Nonsovereign,Multicountry: Keppel Asia Infrastructure Fund,USD150 million,Approved
2021,Multicountry Multi-sector,Nonsovereign,Multicountry: STIC Asia Infrastructure Innovation Fund,USD60 million,Approved
2022,China Multi-sector,Nonsovereign,China: NIO Capital Eve ONE Fund II,USD50 million,Approved
2024,India Transport,Nonsovereign,India: Electric Bus Financing Project Approved Financing: Approved USD50 million 2023 Brazil Energy Nonsovereign Brazil: Vinci Climate Change Fund,USD50 million,Approved
2022,India Multi-sector,Nonsovereign,India: Kotak Infrastructure Investment Fund,USD100 million,Approved
2022,Multicountry Multi-sector,Nonsovereign,Multicountry: Southeast Asia Women’s Economic Empowerment Fund,USD10 million,Approved
2020,China Digital Infrastructure and Technology,Nonsovereign,China: Legend Capital Healthcare Technology Fund,USD30 million,Approved
2018,India Transport,Sovereign,India: Madhya Pradesh Rural Connectivity,USD140 million,Approved
2024,China Education Infrastructure,Nonsovereign,China: Yantai Higher Vocational School Project,USD95 million,Approved
2017,Indonesia Water,Sovereign,Indonesia: Dam Operational Improvement and Safety Project Phase II,USD125 million,Approved
2020,Fiji CRF-Economic Resilience/PBF,Sovereign,Fiji: Sustained Private Sector-Led Growth Reform Program,USD50 million,Approved
2023,China Multi-sector,Nonsovereign,China: GL Capital China Opportunities Fund IV,USD25 million,Approved
2021,Multicountry Digital Infrastructure and Technology,Nonsovereign,Multicountry: Data Center Development in Emerging Asia,USD150 million,Approved
2021,Hungary CRF-Public Health,Sovereign,Hungary: Emergency Assistance for Healthcare Expenditures,USD216.1 million,Approved
2024,Singapore Multi-sector,Nonsovereign,Singapore: Project Merlion,USD350 million,Approved
2020,Philippines CRF-Economic Resilience/PBF,Sovereign,Philippines: COVID- 19 Active Response and Expenditure Support (CARES) Program,USD750 million,Approved
2016,Bangladesh Energy,Sovereign,Bangladesh: Distribution System Approved Financing: Approved Upgrade and Expansion USD165 million 2024 India Energy Nonsovereign India: ENGIE Solar Power Project,USD88.5 million,Approved
2018,Multicountry Multi-sector,Nonsovereign,Multicountry: AIIB Asia ESG Enhanced Credit Managed Portfolio,USD500 million,Approved
2024,Türkiye Transport,Nonsovereign,Türkiye: Antalya Airport Expansion Project (Upsize Facility),EUR75 million,Approved
2024,Bangladesh Urban,Sovereign,Bangladesh: Bangladesh Integrated Solid Waste Management Improvement Project,USD200 million,Approved
2023,India Energy,Nonsovereign,India: Project Meridian,USD73 million,Approved
2023,Indonesia Economic Resilience / PBF,Sovereign,"Indonesia: Competitiveness, Industrial Modernization, and Trade Acceleration Program (CITA) – Subprogram 2",USD500 million,Approved
2023,Philippines CRF-Economic Resilience/PBF,Sovereign,Philippines: Philippines – Inclusive Finance Development Program (Subprogram 3),USD300 million,Approved
2023,Singapore Multi-sector,Nonsovereign,Singapore: BIC IV,USD80 million,Approved
2023,Multicountry Multi-sector,Nonsovereign,Multicountry: A.P. Moller Capital Emerging Market Infrastructure Fund II Approved Financing: Approved 2023 Bangladesh Transport Nonsovereign Bangladesh: Rampura-Amulia- Demra (RAD) Expressway Project,USD75 million,Approved
2023,Multicountry Digital Infrastructure and Technology,Nonsovereign,Multicountry: DigitalBridge Emerging Market Digital Infrastructure Fund Approved Financing: Approved 2023 Multicountry Multi-sector Sovereign Multicountry: Guarantee Facility of International Bank for Reconstruction and Development Loans,"USD1,000 million",Approved
2023,"Hong Kong, China Multi-sector",Nonsovereign,"Hong Kong, China: Project Ocean",USD300 million,Approved
2023,Singapore Transport,Nonsovereign,Singapore: Regional Transport Connectivity Project,USD70 million,Approved
2023,Philippines CRF-Economic Resilience/PBF,Sovereign,Philippines: Post- Covid-19 Business and Employment Recovery Program - Subprogram 1,USD500 million,Approved
2023,Türkiye Transport,Nonsovereign,Türkiye: Antalya Airport Expansion Project,USD150 million,Approved
2022,China Transport,Nonsovereign,China: Lionbridge Leasing EV Transport Green Transition Facility,USD60 million,Approved
2022,Uzbekistan CRF-Economic Resilience/PBF,Sovereign,Uzbekistan: Advancing Uzbekistan Economic and Social Transformation Development Policy Operation,USD530 million,Approved
2022,Bangladesh Energy,Nonsovereign,Bangladesh: Unique Meghnaghat IPP,USD110 million,Approved
2022,Bangladesh CRF-Economic Resilience/PBF,Sovereign,Bangladesh: Strengthening Social Resilience Program (Subprogram 2),USD250 million,Approved
2022,Multicountry Multi-sector,Nonsovereign,Multicountry: Rakiza Fund I,USD50 million,Approved
2022,Singapore Multi-sector,Nonsovereign,Singapore: Asia Infrastructure Securitization Program II,USD80 million,Approved
2022,Multicountry Energy,Nonsovereign,Multicountry: Alcazar Energy Partners II (“AEP-II”),USD50 million,Approved
2022,India Energy,Nonsovereign,Solar IPP Equity Investment,USD50 million,Approved
2022,Cambodia CRF- Finance/Liquidity,Nonsovereign,Cambodia: Cambodia PRASAC COVID-19 Response Facility,USD75 million,Approved
2022,Indonesia Energy,Sovereign,Indonesia: Development of Approved Financing: Approved Pumped Storage Hydropower in Java Bali System (the Project) USD230 million 2022 China Transport Nonsovereign China: GLP China Logistics Fund III,USD125 million,Approved
2022,India Water,Sovereign,India: Second Dam Rehabilitation and Improvement Project,USD250 million,Approved
2022,India CRF-Public Health,Sovereign,India: Responsive COVID-19 Vaccines for Recovery Project,USD500 million,Approved
2021,Türkiye Energy,Nonsovereign,Türkiye: Osmangazi Electricity Distribution Network Modernization and Expansion Project,USD85 million,Approved
2021,Egypt CRF-Economic Resilience/PBF,Sovereign,Egypt: Inclusive Growth for Sustainable Recovery DPF Program,USD360 million,Approved
2021,Viet Nam Energy,Nonsovereign,Viet Nam: Dakdrinh 125MW Hydropower Plant,USD47.5 million,Approved
2021,Bangladesh CRF-Economic Resilience/PBF,Sovereign,Bangladesh: Bangladesh Sustainable Economic Recovery Program (Subprogram 1),USD250 million,Approved
2021,China Digital Infrastructure and Technology,Nonsovereign,China: Sinovation Disrupt Fund,USD75 million,Approved
2021,Multicountry Multi-sector,Nonsovereign,Multicountry: Keppel- Pierfront Private Credit Fund L.P,USD150 million,Approved
2021,India CRF-Economic Resilience/PBF,Sovereign,India: Creating a Coordinated and Responsive Indian Social Protection System (CCRISP),USD500 million,Approved
2021,Azerbaijan CRF-Economic Resilience/PBF,Sovereign,Azerbaijan: Republic of Azerbaijan COVID-19 Active Response and Expenditure Support (CARES) Program,USD100 million,Approved
2021,Multicountry Multi-sector,Nonsovereign,Multicountry: Global Infrastructure Partners Emerging Markets Fund I (“GIP EM” or the “Fund”),USD150 million,Approved
2021,Singapore Multi-sector,Nonsovereign,Singapore: Asia Infrastructure Securitization Program,USD80 million,Approved
2021,Türkiye CRF- Finance/Liquidity,Sovereign,Türkiye: Eximbank COVID-19 Credit Line Project,USD250 million,Approved
2021,Multicountry Multi-sector,Nonsovereign,Multicountry: Aberdeen Standard Investcorp Infrastructure Partners,USD90 million,Approved
2021,Bangladesh CRF- Finance/Liquidity,Sovereign,Bangladesh: COVID- 19 Emergency and Crisis Response Facility,USD300 million,Approved
2021,Multicountry Multi-sector,Nonsovereign,Multi-Country: ISQ Growth Markets Infrastructure Fund,USD150 million,Approved
2020,Multicountry Digital Infrastructure and Technology,Nonsovereign,Multicountry: Lightsmith Climate Resilience Partners,USD30 million,Approved
2020,Viet Nam CRF- Finance/Liquidity,Nonsovereign,Viet Nam: VP Bank COVID-19 Response Facility,USD100 million,Approved
2020,Georgia CRF-Economic Resilience/PBF,Sovereign,Georgia: Economic Management and Competitiveness Program: COVID-19 Crisis Mitigation,USD50 million,Approved
2020,Türkiye Transport,Nonsovereign,Türkiye: Izmir Metro Expansion Phase 4: Fahrettin Altay – Narlidere Line Project,USD56 million,Approved
2020,Türkiye CRF- Finance/Liquidity,Sovereign,Türkiye: COVID-19 Credit Line Project,USD500 million,Approved
2020,Kazakhstan CRF-Economic Resilience/PBF,Sovereign,Kazakhstan: COVID- 19 Active Response and Expenditure Support (CARES) Program,USD750 million,Approved
2020,Pakistan CRF-Economic Resilience/PBF,Sovereign,Pakistan: COVID-19 Active Response and Expenditure Support (CARES) Program,USD500 million,Approved
2020,India CRF-Economic Resilience/PBF,Sovereign,India: COVID-19 Active Response and Expenditure Support (CARES),USD750 million,Approved
2020,Mongolia CRF-Economic Resilience/PBF,Sovereign,Mongolia: COVID-19 Rapid Response Program,USD100 million,Approved
2020,Georgia CRF-Public Health,Sovereign,Georgia: Emergency COVID-19 Response Project,USD100 million,Approved
2020,Bangladesh CRF-Economic Resilience/PBF,Sovereign,Bangladesh: COVID- 19 Active Response and Expenditure Support (CARES) Program,USD250 million,Approved
2020,Indonesia CRF-Economic Resilience/PBF,Sovereign,Indonesia: COVID- 19 Active Response and Expenditure Support Program,USD750 million,Approved
2020,India CRF-Public Health,Sovereign,India: COVID-19 Emergency Response and Health Systems Preparedness Project,USD500 million,Approved
2020,China CRF-Public Health,Sovereign,China: Emergency Assistance to China Public Health Infrastructure Project,USD355 million,Approved
2019,Cambodia Digital Infrastructure and Technology,Nonsovereign,Cambodia: Fiber Optic Communication Network Project,USD75 million,Approved
2019,Egypt Multi-sector,Nonsovereign,Egypt: National Bank of Egypt On-Lending Facility for Infrastructure,USD150 million,Approved
2019,India Energy,Nonsovereign,India: L&T- Sustainable Infrastructure on- lending Facility,USD100 million,Approved
2019,India Multi-sector,Nonsovereign,India: Tata Cleantech Sustainable Infrastructure On- Lending Facility,USD75 million,Approved
2019,Singapore Multi-sector,Nonsovereign,Singapore: Infrastructure Private Capital Mobilization Platform,USD54 million,Approved
2018,Bangladesh Energy,Nonsovereign,Bangladesh: Bangladesh Bhola IPP,USD60 million,Approved
2018,India Multi-sector,Nonsovereign,India: National Investment and Approved Financing: Approved Infrastructure Fund Phase I USD100 million 2018 Türkiye Energy Sovereign Türkiye: TSKB Sustainable Energy and Infrastructure On-lending Facility,USD200 million,Approved
2018,India Transport,Nonsovereign,India: OSE InvIT,USD50 million,Approved
2017,Bangladesh Energy,Sovereign,Bangladesh: Natural Gas Infrastructure and Efficiency Improvement,USD60 million,Approved
2017,China Energy,Nonsovereign,China: Beijing Air Quality Improvement and Coal Replacement,USD250 million,Approved
2017,India Energy,Sovereign,India: Andhra Pradesh 24x7 – Power For All,USD160 million,Approved
2017,India Transport,Sovereign,India: Gujarat Rural Roads (MMGSY),USD329 million,Approved
2017,India Energy,Sovereign,India: Transmission System Strengthening (Tamil Nadu),USD100 million,Approved
2017,Indonesia Urban,Sovereign,Indonesia: Regional Infrastructure Development Fund,USD100 million,Approved
2017,Oman Digital Infrastructure and Technology,Nonsovereign,Oman: Oman Broadband Infrastructure,USD152.1 million,Approved
2016,Azerbaijan Energy,Sovereign,Azerbaijan: Trans Anatolian Natural Gas Pipeline Project (TANAP),USD600 million,Approved
2016,Myanmar Energy,Nonsovereign,Myanmar: Myingyan 225 MW Combined Cycle Gas Turbine (CCGT) Power Plant Project,USD20.0 million,Approved
2016,Oman Transport,Sovereign,Oman: Duqm Port Commercial Terminal and Operational Zone Development,USD265 million,Approved
2016,Pakistan Transport,Sovereign,Pakistan: National Motorway M-4 (Shorkot-Khanewal Section),USD100 million,Approved
2016,Tajikistan Transport,Sovereign,Tajikistan: Dushanbe- Uzbekistan Border Road Improvement,USD27.5 million,Approved
