year,units_per_usd,series
2000,1.6888425,CHE.XDC_USD.PA_RT.A
2001,1.687615,CHE.XDC_USD.PA_RT.A
2002,1.5586075,CHE.XDC_USD.PA_RT.A
2003,1.346650833333,CHE.XDC_USD.PA_RT.A
2004,1.243495833333,CHE.XDC_USD.PA_RT.A
2005,1.245176666667,CHE.XDC_USD.PA_RT.A
2006,1.253843333333,CHE.XDC_USD.PA_RT.A
2007,1.200365833333,CHE.XDC_USD.PA_RT.A
2008,1.08309,CHE.XDC_USD.PA_RT.A
2009,1.088141696303,CHE.XDC_USD.PA_RT.A
2010,1.042905645734,CHE.XDC_USD.PA_RT.A
2011,0.888042028223,CHE.XDC_USD.PA_RT.A
2012,0.937684480709,CHE.XDC_USD.PA_RT.A
2013,0.926903547758,CHE.XDC_USD.PA_RT.A
2014,0.916151047284,CHE.XDC_USD.PA_RT.A
2015,0.962381328004,CHE.XDC_USD.PA_RT.A
2016,0.985394394245,CHE.XDC_USD.PA_RT.A
2017,0.984691666667,CHE.XDC_USD.PA_RT.A
2018,0.977891666667,CHE.XDC_USD.PA_RT.A
2019,0.993709166667,CHE.XDC_USD.PA_RT.A
2020,0.938965,CHE.XDC_USD.PA_RT.A
2021,0.913845833333,CHE.XDC_USD.PA_RT.A
2022,0.9548325,CHE.XDC_USD.PA_RT.A
2023,0.89849,CHE.XDC_USD.PA_RT.A
2024,0.880440833333,CHE.XDC_USD.PA_RT.A
2025,0.831355833333,CHE.XDC_USD.PA_RT.A
